-- phpMyAdmin SQL Dump
-- version 3.5.1
-- http://www.phpmyadmin.net
--
-- Хост: 127.0.0.1
-- Время создания: Дек 16 2014 г., 22:54
-- Версия сервера: 5.5.25
-- Версия PHP: 5.3.13

SET SQL_MODE="NO_AUTO_VALUE_ON_ZERO";
SET time_zone = "+00:00";


/*!40101 SET @OLD_CHARACTER_SET_CLIENT=@@CHARACTER_SET_CLIENT */;
/*!40101 SET @OLD_CHARACTER_SET_RESULTS=@@CHARACTER_SET_RESULTS */;
/*!40101 SET @OLD_COLLATION_CONNECTION=@@COLLATION_CONNECTION */;
/*!40101 SET NAMES utf8 */;

--
-- База данных: `docflow`
--

-- --------------------------------------------------------

--
-- Структура таблицы `customers`
--

CREATE TABLE IF NOT EXISTS `customers` (
  `idcustomer` int(255) NOT NULL AUTO_INCREMENT,
  `customer` text NOT NULL,
  PRIMARY KEY (`idcustomer`)
) ENGINE=InnoDB  DEFAULT CHARSET=utf8 AUTO_INCREMENT=17 ;

--
-- Дамп данных таблицы `customers`
--

INSERT INTO `customers` (`idcustomer`, `customer`) VALUES
(1, 'ООО "Интертелеком"'),
(2, 'ФЛП Николаев'),
(3, 'ФЛП Ванян С.Э.'),
(4, 'ФЛП Валентир С.Э.'),
(5, 'ФЛ Адамович'),
(6, 'ФЛП Качковский С.И.'),
(7, 'ПАТ Аптечна мережа "Фармация"'),
(8, 'ФЛП Валентир С.А.'),
(9, 'ФЛ Келиогло И.Д.'),
(10, 'ФЛП Остапенко А.А'),
(11, 'ФЛП Кахчи С.В.'),
(12, 'ВКФ Роксолана'),
(13, 'ФЛП Зайцева И.А.'),
(14, 'ФЛП Ефременко И.П.'),
(15, 'ВАТ "Укртелеком" Одеська філія'),
(16, 'ТОВ "Охорона-Комплекс-Іллічівськ"');

-- --------------------------------------------------------

--
-- Структура таблицы `doctypes`
--

CREATE TABLE IF NOT EXISTS `doctypes` (
  `iddoctype` int(11) NOT NULL AUTO_INCREMENT,
  `doctype` varchar(255) NOT NULL,
  PRIMARY KEY (`iddoctype`)
) ENGINE=InnoDB  DEFAULT CHARSET=utf8 AUTO_INCREMENT=10 ;

--
-- Дамп данных таблицы `doctypes`
--

INSERT INTO `doctypes` (`iddoctype`, `doctype`) VALUES
(1, 'Счет'),
(2, 'АВР'),
(3, 'НН'),
(4, 'Счет-Акт'),
(5, 'Расходная накладная'),
(6, 'Заявление'),
(7, 'Объяснительная'),
(8, 'Пояснительная'),
(9, 'Служебная записка');

-- --------------------------------------------------------

--
-- Структура таблицы `documents`
--

CREATE TABLE IF NOT EXISTS `documents` (
  `iddocument` int(11) NOT NULL AUTO_INCREMENT,
  `idcustomer` int(11) NOT NULL,
  `idreestr` int(11) NOT NULL,
  `iddoctype` int(11) NOT NULL,
  `iduser` varchar(255) NOT NULL,
  `doc_num` varchar(255) NOT NULL,
  `data` date NOT NULL,
  `number` tinyint(4) NOT NULL,
  `note` text NOT NULL,
  PRIMARY KEY (`iddocument`)
) ENGINE=InnoDB  DEFAULT CHARSET=utf8 AUTO_INCREMENT=98 ;

--
-- Дамп данных таблицы `documents`
--

INSERT INTO `documents` (`iddocument`, `idcustomer`, `idreestr`, `iddoctype`, `iduser`, `doc_num`, `data`, `number`, `note`) VALUES
(7, 6, 14, 9, '2', '2', '2013-10-01', 5, ''),
(8, 2, 14, 2, '2', '1', '2013-10-08', 1, 'ууууууууукккеееееееееееее'),
(9, 7, 14, 3, '2', '5', '2013-10-06', 1, 'sdgfsdgfsdgdsg'),
(10, 13, 14, 9, '2', '45', '2013-10-14', 0, 'esafsadfsdfsdfs'),
(11, 5, 15, 1, '2', '1', '2013-10-15', 1, 'sfcdsfdgfdg'),
(12, 5, 14, 2, '2', '45', '2013-10-15', 1, 'пвррпарарпар'),
(23, 1, 23, 5, '2', '67', '2013-10-08', 5, 'serj+lena'),
(25, 1, 12, 4, '2', '77', '2013-10-08', 9, 'root'),
(26, 16, 80, 3, '2', '9', '2013-10-02', 1, 'kool'),
(27, 3, 34, 9, '2', '789', '2013-10-10', 1, 'fool '),
(28, 1, 34, 6, '2', '456', '2013-10-23', 1, 'pool'),
(29, 8, 12, 2, '2', '45', '2013-10-08', 1, 'GOOD'),
(59, 16, 123, 1, '', '88', '2013-10-08', 1, 'kool'),
(60, 16, 123, 1, '2', '88', '2013-10-08', 1, 'kool'),
(61, 16, 123, 1, '2', '88', '2013-10-08', 1, 'kool'),
(62, 16, 123, 1, '2', '88', '2013-10-08', 1, 'kool'),
(63, 16, 123, 1, '2', '88', '2013-10-08', 1, 'kool'),
(64, 16, 123, 1, '2', '88', '2013-10-08', 1, 'kool'),
(65, 16, 123, 1, '2', '88', '2013-10-08', 1, 'kool'),
(66, 16, 123, 1, '2', '88', '2013-10-08', 1, 'kool'),
(67, 16, 123, 1, '2', '88', '2013-10-08', 1, 'kool'),
(68, 16, 666, 1, '2', '666', '2013-10-17', 1, 'shit '),
(69, 16, 666, 1, '2', '666', '2013-10-17', 1, 'shit '),
(70, 16, 666, 1, '2', '666', '2013-10-17', 1, 'shit '),
(71, 2, 345, 1, '2', '890', '2013-10-17', 1, 'shit-shit '),
(72, 2, 345, 1, '2', '890', '2013-10-17', 1, 'shit-shit '),
(74, 2, 777, 1, '2', '890', '2013-10-17', 1, 'shit-shit '),
(75, 1, 567, 9, '2', '777', '0000-00-00', 5, 'Hello'),
(76, 5, 567, 9, '2', '777', '2013-10-08', 1, 'Hello!!!'),
(77, 0, 23, 9, '2', '45', '2013-10-02', 1, ''),
(78, 0, 23, 9, '2', '45', '2013-10-02', 1, ''),
(79, 0, 0, 9, '2', '34', '0000-00-00', 1, ''),
(80, 0, 0, 9, '2', '34', '0000-00-00', 1, ''),
(81, 0, 0, 9, '2', '34', '0000-00-00', 1, ''),
(82, 0, 123, 9, '2', '67', '0000-00-00', 1, ''),
(83, 0, 0, 9, '2', '', '0000-00-00', 1, ''),
(84, 0, 0, 9, '2', '', '0000-00-00', 1, ''),
(85, 0, 0, 9, '2', '', '0000-00-00', 1, ''),
(86, 0, 0, 9, '2', '', '0000-00-00', 1, ''),
(87, 0, 0, 9, '2', '', '0000-00-00', 1, ''),
(88, 0, 0, 9, '2', '', '0000-00-00', 1, ''),
(89, 0, 123, 5, '2', '56', '0000-00-00', 1, 'root'),
(90, 0, 123, 8, '2', '23', '0000-00-00', 1, 'апаывпап'),
(91, 10, 12321, 5, '1', 'цкцук', '0000-00-00', 0, ''),
(92, 10, 12321, 5, '', '', '0000-00-00', 0, ''),
(93, 10, 12321, 5, '', '', '0000-00-00', 0, ''),
(94, 5, 5, 4, '1', 'ФИО: Дяченко С.А. ', '0000-00-00', 0, ''),
(95, 7, 34, 9, '2', '56', '0000-00-00', 5, 'ФИО:Егоров'),
(96, 7, 34, 9, '2', '56', '2013-11-01', 1, 'ФИО:Егоров В.И.'),
(97, 7, 123213, 9, '2', '12', '2014-12-04', 1, 'asdfdsafsdfsdfsdf');

-- --------------------------------------------------------

--
-- Структура таблицы `reestrs`
--

CREATE TABLE IF NOT EXISTS `reestrs` (
  `idreestr` int(11) NOT NULL AUTO_INCREMENT,
  `reestr_date` date NOT NULL,
  PRIMARY KEY (`idreestr`)
) ENGINE=InnoDB  DEFAULT CHARSET=utf8 AUTO_INCREMENT=123214 ;

--
-- Дамп данных таблицы `reestrs`
--

INSERT INTO `reestrs` (`idreestr`, `reestr_date`) VALUES
(5, '2013-11-18'),
(12, '2013-10-15'),
(14, '2013-10-02'),
(15, '2013-10-02'),
(16, '2013-10-02'),
(17, '2013-10-02'),
(23, '2013-10-15'),
(34, '2013-10-15'),
(45, '2013-10-15'),
(123, '2013-10-18'),
(345, '2013-10-18'),
(567, '2013-10-21'),
(666, '2013-10-18'),
(667, '2013-10-18'),
(777, '2013-10-18'),
(778, '2013-10-18'),
(779, '2013-10-18'),
(780, '2013-10-18'),
(781, '2013-10-18'),
(782, '2013-10-18'),
(783, '2013-10-18'),
(784, '2013-10-18'),
(785, '2013-10-18'),
(786, '2013-10-18'),
(787, '2013-10-18'),
(788, '2013-10-18'),
(789, '2013-10-18'),
(790, '2013-10-18'),
(791, '2013-10-18'),
(792, '2013-10-18'),
(793, '2013-10-18'),
(794, '2013-10-18'),
(795, '2013-10-19'),
(796, '2013-10-19'),
(797, '2013-10-19'),
(798, '2013-10-19'),
(799, '2013-10-19'),
(800, '2013-10-19'),
(801, '2013-10-28'),
(802, '2013-10-28'),
(803, '2013-10-28'),
(804, '2013-10-30'),
(805, '2013-10-30'),
(806, '2013-10-30'),
(807, '2013-10-30'),
(808, '2013-10-30'),
(809, '2013-10-30'),
(12321, '2013-11-12'),
(123213, '2014-12-16');

-- --------------------------------------------------------

--
-- Структура таблицы `users`
--

CREATE TABLE IF NOT EXISTS `users` (
  `iduser` int(11) NOT NULL AUTO_INCREMENT,
  `user` varchar(255) NOT NULL,
  PRIMARY KEY (`iduser`)
) ENGINE=InnoDB  DEFAULT CHARSET=utf8 AUTO_INCREMENT=3 ;

--
-- Дамп данных таблицы `users`
--

INSERT INTO `users` (`iduser`, `user`) VALUES
(1, 'root'),
(2, 'serj');

/*!40101 SET CHARACTER_SET_CLIENT=@OLD_CHARACTER_SET_CLIENT */;
/*!40101 SET CHARACTER_SET_RESULTS=@OLD_CHARACTER_SET_RESULTS */;
/*!40101 SET COLLATION_CONNECTION=@OLD_COLLATION_CONNECTION */;
